Label,OpArea, OpStaticEnergy, OpDynEnergy,InstMemBitwidth, InstMemDepth,InstMemArea, InstMemStaticEn,InstMemDynEn,InternalRegFileBitwidth,InternalRegFileDepth,InternalRegFileAccesses,InternalRegFileArea, InternalRegFileStaticEn, InternalRegFileDynEn,TotalFUArea,TotalFUStaticEn,TotalFUDynEn
add_0,1854.383979,0.361825,2.436780,32,20,4345.823952,0.895500,0.031891,64,18,74,7747.823912,1.643950,4.368594,13948.031843,2.037666,53.742014
mul_0,33555.311530,6.193750,52.428970,32,25,5399.183942,1.118950,0.041976,64,27,98,11405.308196,2.410081,16.167231,50359.803668,8.645807,1327.940881
load_0,0,0,0,16,50,5505.315299,1.113500,0.067021,64,1,69,781.945432,0.162846,1.039456,6287.260731,1.276346,4.390483
store_0,0,0,0,16,3,423.023996,0.085085,0.004715,64,3,6,1605.407984,0.327800,0.121059,2028.431980,0.412885,0.135203
store_1,0,0,0,16,1,209.528638,0.041625,0.004234,64,1,2,781.945432,0.162846,0.030129,991.474070,0.204471,0.034364
store_2,0,0,0,16,1,209.528638,0.041625,0.004234,64,1,2,781.945432,0.162846,0.030129,991.474070,0.204471,0.034364
