Label,OpArea, OpStaticEnergy, OpDynEnergy,InstMemBitwidth, InstMemDepth,InstMemArea, InstMemStaticEn,InstMemDynEn,InternalRegFileBitwidth,InternalRegFileDepth,InternalRegFileAccesses,InternalRegFileArea, InternalRegFileStaticEn, InternalRegFileDynEn,TotalFUArea,TotalFUStaticEn,TotalFUDynEn
add_0,1854.383979,0.361825,2.436780,32,20,4345.823952,0.895500,0.031891,64,18,74,7747.823912,1.643950,4.368594,13948.031843,2.037666,53.742014
mul_0,33555.311530,6.193750,52.428970,32,25,5399.183942,1.118950,0.041976,64,27,98,11405.308196,2.410081,16.167231,50359.803668,8.645807,1327.940881
load_0,0,0,0,16,50,5505.315299,1.113500,0.067021,64,1,69,781.945432,0.162846,1.039456,6287.260731,1.276346,4.390483
store_0,0,0,0,16,5,638.735994,0.128255,0.005856,64,5,10,2404.415974,0.492790,0.266819,3043.151968,0.621045,0.296097
