Label,OpArea, OpStaticEnergy, OpDynEnergy,InstMemBitwidth, InstMemDepth,InstMemArea, InstMemStaticEn,InstMemDynEn,InternalRegFileBitwidth,InternalRegFileDepth,InternalRegFileAccesses,InternalRegFileArea, InternalRegFileStaticEn, InternalRegFileDynEn,TotalFUArea,TotalFUStaticEn,TotalFUDynEn
add_0,1854.383979,0.361825,2.436780,32,16,3512.543962,0.728150,0.029217,64,14,58,6076.559930,1.269800,3.459459,11443.487871,1.660842,42.915415
add_1,1854.383979,0.361825,2.436780,32,4,1033.535988,0.209415,0.013193,64,4,8,2006.591976,0.416555,0.216613,4894.511943,0.791573,10.016505
mul_0,33555.311530,6.193750,52.428970,32,25,5399.183942,1.118950,0.041976,64,27,98,11405.308196,2.410081,16.167231,50359.803668,8.645807,1327.940881
load_0,0,0,0,16,50,5505.315299,1.113500,0.067021,64,1,69,781.945432,0.162846,1.039456,6287.260731,1.276346,4.390483
store_0,0,0,0,16,1,209.528638,0.041625,0.004234,64,1,2,781.945432,0.162846,0.030129,991.474070,0.204471,0.034364
store_1,0,0,0,16,2,308.447998,0.061345,0.004658,64,2,4,1182.383988,0.237495,0.080036,1490.831986,0.298840,0.089351
store_2,0,0,0,16,1,209.528638,0.041625,0.004234,64,1,2,781.945432,0.162846,0.030129,991.474070,0.204471,0.034364
store_3,0,0,0,16,1,209.528638,0.041625,0.004234,64,1,2,781.945432,0.162846,0.030129,991.474070,0.204471,0.034364
